idx_feat_u,x,y,idx_part_u,idx_vert_u,vert_type,idx_feat_f,dist_feat_f,d,az,iF,interface,linkL,linkR,lengthL,lengthR,segmentL,segmentR,azimuthL,azimuthR,newvar,newflamvar
1,-98388.0,-101743.0,1011,2,3,1,202.71408436514716,200.73551306565528,154.1790080258129,1,1,1,1,1.0,1.0,0,1,90.0,270.0,245811.0,1
1,-98387.0,-101743.0,1011,3,3,1,202.25231766286387,200.29995213755268,154.1790080258134,1,1,1,1,14.142135623730951,1.0,0,1,45.0,270.0,245811.0,1
1,-98377.0,-101733.0,1011,4,3,1,201.06217943710845,201.0124773699311,133.45184230102,1,1,1,1,2.23606797749979,14.142135623730951,0,1,63.43494882292201,225.00000000000006,245811.0,1
1,-98375.0,-101732.0,1011,5,3,1,200.26232796010336,200.2483166500269,133.45184230102032,1,1,1,1,71.0,2.23606797749979,0,1,90.0,243.43494882292194,245811.0,1
1,-98304.0,-101732.0,1011,6,5,1,153.40469353966978,-1.0,-1.0,-1,0,0,1,20.615528128088304,71.0,-1,1,247.1663458220824,270.0,245811.0,1
1,-98323.0,-101740.0,1011,7,5,1,159.40200751558933,-1.0,-1.0,-1,0,0,0,1.0,20.615528128088304,-1,-1,180.0,67.16634582208248,245811.0,1
1,-98323.0,-101741.0,1011,8,5,1,158.60012610335465,-1.0,-1.0,-1,0,0,0,1.0,1.0,-1,-1,270.0,0.0,245811.0,1
1,-98324.0,-101741.0,1011,9,5,1,159.20113064925135,-1.0,-1.0,-1,0,0,0,1.0,1.0,-1,-1,180.0,90.0,245811.0,1
1,-98324.0,-101742.0,1011,10,5,1,158.40454538932903,-1.0,-1.0,-1,0,0,0,1.0,1.0,-1,-1,180.0,0.0,245811.0,1
1,-98324.0,-101743.0,1011,11,5,1,157.610278852618,-1.0,-1.0,-1,0,0,0,20.396078054371138,1.0,-1,-1,168.6900675259798,0.0,245811.0,1
1,-98320.0,-101763.0,1011,12,5,1,139.6030085635693,-1.0,-1.0,-1,0,0,0,29.154759474226502,20.396078054371138,-1,-1,292.16634582208246,348.69006752597977,245811.0,1
1,-98347.0,-101752.0,1011,13,5,1,166.1836333698358,-1.0,-1.0,-1,0,0,0,1.0,29.154759474226502,-1,-1,270.0,112.16634582208246,245811.0,1
1,-98348.0,-101752.0,1011,14,5,1,166.90116836020053,-1.0,-1.0,-1,0,0,0,1.0,1.0,-1,-1,270.0,90.0,245811.0,1
1,-98349.0,-101752.0,1011,15,5,1,167.621597653763,-1.0,-1.0,-1,0,0,0,1.0,1.0,-1,-1,270.0,90.0,245811.0,1
1,-98350.0,-101752.0,1011,16,5,1,168.34488409215172,-1.0,-1.0,-1,0,0,0,36.05551275463989,1.0,-1,-1,213.69006752597974,90.0,245811.0,1
1,-98370.0,-101782.0,1011,17,5,1,160.1624175641714,-1.0,-1.0,-1,0,0,0,1.4142135623730951,36.05551275463989,-1,-1,225.00000000000006,33.690067525979806,245811.0,1
1,-98371.0,-101783.0,1011,18,5,1,159.48040632002414,-1.0,-1.0,-1,0,0,0,1.0,1.4142135623730951,-1,-1,180.0,45.0,245811.0,1
1,-98371.0,-101784.0,1011,19,5,1,158.52129194527782,-1.0,-1.0,-1,0,0,0,8.94427190999916,1.0,-1,-1,206.56505117707795,0.0,245811.0,1
1,-98375.0,-101792.0,1011,20,5,1,152.10851389715174,-1.0,-1.0,-1,0,0,0,5.385164807134504,8.94427190999916,-1,-1,248.19859051364818,26.56505117707799,245811.0,1
1,-98380.0,-101794.0,1011,21,5,1,151.92103211866353,-1.0,-1.0,-1,0,0,0,1.0,5.385164807134504,-1,-1,180.0,68.19859051364818,245811.0,1
1,-98380.0,-101795.0,1011,22,5,1,150.98675438593943,-1.0,-1.0,-1,0,0,0,1.0,1.0,-1,-1,270.0,0.0,245811.0,1
1,-98381.0,-101795.0,1011,23,5,1,151.34728276384746,-1.0,-1.0,-1,0,0,0,1.0,1.0,-1,-1,180.0,90.0,245811.0,1
1,-98381.0,-101796.0,1011,24,5,1,150.41608956491322,-1.0,-1.0,-1,0,0,0,1.0,1.0,-1,-1,180.0,0.0,245811.0,1
1,-98381.0,-101797.0,1011,25,5,1,149.48578527739687,-1.0,-1.0,-1,0,0,0,9.848857801796104,1.0,-1,-1,156.03751102542185,0.0,245811.0,1
1,-98377.0,-101806.0,1011,26,5,1,139.64598096615597,-1.0,-1.0,-1,0,0,0,1.0,9.848857801796104,-1,-1,180.0,336.0375110254218,245811.0,1
1,-98377.0,-101807.0,1011,27,5,1,138.7155362603627,-1.0,-1.0,-1,0,0,0,1.0,1.0,-1,-1,90.0,0.0,245811.0,1
1,-98376.0,-101807.0,1011,28,5,1,138.351002887583,-1.0,-1.0,-1,0,0,0,5.385164807134504,1.0,-1,-1,111.80140948635182,270.0,245811.0,1
1,-98371.0,-101809.0,1011,29,5,1,134.73678042761748,-1.0,-1.0,-1,0,0,0,1.0,5.385164807134504,-1,-1,90.0,291.8014094863518,245811.0,1
1,-98370.0,-101809.0,1011,30,5,1,134.40610105199838,-1.0,-1.0,-1,0,0,0,5.385164807134504,1.0,-1,-1,111.80140948635182,270.0,245811.0,1
1,-98365.0,-101811.0,1011,31,5,1,130.9427355755179,-1.0,-1.0,-1,0,0,0,1.0,5.385164807134504,-1,-1,90.0,291.8014094863518,245811.0,1
1,-98364.0,-101811.0,1011,32,5,1,130.64838307457157,-1.0,-1.0,-1,0,0,0,1.0,1.0,-1,-1,90.0,270.0,245811.0,1
1,-98363.0,-101811.0,1011,33,5,1,130.36103712382777,-1.0,-1.0,-1,0,0,0,17.46424919657298,1.0,-1,-1,113.62937773065683,270.0,245811.0,1
1,-98347.0,-101818.0,1011,34,5,1,119.85407794480753,-1.0,-1.0,-1,0,1,0,5.385164807134504,17.46424919657298,1,-1,158.19859051364818,293.6293777306568,245811.0,1
1,-98345.0,-101823.0,1011,35,3,1,114.58621208504974,109.99365304393055,154.179008025814,1,1,1,1,1.4142135623730951,5.385164807134504,1,2,134.99999999999994,338.1985905136482,245811.0,1
1,-98344.0,-101824.0,1011,36,3,1,113.43720729989786,108.65793286440103,154.17900802581076,1,1,1,1,1.0,1.4142135623730951,1,2,90.0,315.0,245811.0,1
1,-98343.0,-101824.0,1011,37,3,1,113.28283188550682,108.22237193630478,154.17900802580465,1,1,1,1,1.0,1.0,1,2,90.0,270.0,245811.0,1
1,-98342.0,-101824.0,1011,38,3,1,113.13708498984761,107.78681100819587,154.1790080258125,1,1,1,1,19.697715603592208,1.0,1,2,66.03751102542182,270.0,245811.0,1
1,-98324.0,-101816.0,1011,39,5,1,108.16653826391968,-1.0,-1.0,-1,0,0,1,12.165525060596439,19.697715603592208,-1,2,80.53767779197437,246.03751102542176,245811.0,1
1,-98312.0,-101814.0,1011,40,5,1,99.85990186255943,-1.0,-1.0,-1,0,0,0,20.615528128088304,12.165525060596439,-1,-1,104.03624346792644,260.53767779197443,245811.0,1
1,-98292.0,-101819.0,1011,41,5,1,80.60397012554654,-1.0,-1.0,-1,0,0,0,35.22782990761707,20.615528128088304,-1,-1,173.48019824834304,284.03624346792645,245811.0,1
1,-98288.0,-101854.0,1011,42,5,1,57.271284253105414,-1.0,-1.0,-1,0,1,0,46.61544808322666,35.22782990761707,2,-1,234.60520415501298,353.480198248343,245811.0,1
1,-98326.0,-101881.0,1011,43,2,1,55.0,49.508758827837184,154.17900802581167,1,1,1,1,1.0,46.61544808322666,2,3,180.0,54.605204155012935,245811.0,1
1,-98326.0,-101882.0,1011,44,2,1,54.0,48.60859957643646,154.17900802581718,1,1,1,1,1.0,1.0,2,3,270.0,0.0,245811.0,1
1,-98327.0,-101882.0,1011,45,5,1,54.00925846556311,-1.0,-1.0,-1,0,0,1,3.1622776601683795,1.0,-1,3,198.43494882292202,90.0,245811.0,1
1,-98328.0,-101885.0,1011,46,5,1,51.03920062069938,-1.0,-1.0,-1,0,0,0,4.47213595499958,3.1622776601683795,-1,-1,243.43494882292194,18.434948822922006,245811.0,1
1,-98332.0,-101887.0,1011,47,5,1,49.36598018878993,-1.0,-1.0,-1,0,0,0,1.4142135623730951,4.47213595499958,-1,-1,225.00000000000006,63.43494882292201,245811.0,1
1,-98333.0,-101888.0,1011,48,5,1,48.507731342539614,-1.0,-1.0,-1,0,0,0,1.0,1.4142135623730951,-1,-1,180.0,45.0,245811.0,1
1,-98333.0,-101889.0,1011,49,5,1,47.51841748206689,-1.0,-1.0,-1,0,0,0,13.0,1.0,-1,-1,157.38013505195963,0.0,245811.0,1
1,-98328.0,-101901.0,1011,50,5,1,35.05709628591621,-1.0,-1.0,-1,0,1,0,17.46424919657298,13.0,3,-1,203.62937773065684,337.3801350519596,245811.0,1
1,-98335.0,-101917.0,1011,51,2,1,21.02379604162864,21.02307412983117,154.17900802578419,1,1,1,1,1.0,17.46424919657298,3,4,180.0,23.629377730656827,245811.0,1
1,-98335.0,-101918.0,1011,52,2,1,20.12461179749811,20.12461179749811,153.43494882292208,1,1,1,1,1.0,1.0,3,4,180.0,0.0,245811.0,1
1,-98335.0,-101919.0,1011,53,2,1,19.235384061671343,19.235384061671343,152.1027289690524,1,1,1,1,17.08800749063506,1.0,3,4,159.4439547804165,0.0,245811.0,1
1,-98329.0,-101935.0,1011,54,2,1,3.1622776601683795,2.3248097127458602,151.11341823295933,1,1,1,1,30.886890422961002,17.08800749063506,3,4,240.94539590092288,339.44395478041656,245811.0,1
1,-98356.0,-101950.0,1011,55,2,1,2.23606797749979,2.234232710954818,151.11341823321325,1,1,1,1,40.162171256046406,30.886890422961002,3,4,251.11391263029068,60.94539590092286,245811.0,1
1,-98394.0,-101963.0,1011,56,2,1,40.52159917870962,39.0,90.0,1,1,1,1,18.027756377319946,40.162171256046406,3,4,289.4400348281762,71.11391263029073,245811.0,1
1,-98411.0,-101957.0,1011,57,5,1,56.22277118748239,-1.0,-1.0,-1,0,0,1,1.0,18.027756377319946,-1,4,270.0,109.44003482817622,245811.0,1
1,-98412.0,-101957.0,1011,58,5,1,57.21887800367987,-1.0,-1.0,-1,0,0,0,1.0,1.0,-1,-1,270.0,90.0,245811.0,1
1,-98413.0,-101957.0,1011,59,5,1,58.215118311311535,-1.0,-1.0,-1,0,0,0,1.0,1.0,-1,-1,180.0,90.0,245811.0,1
1,-98413.0,-101958.0,1011,60,5,1,58.309518948453004,-1.0,-1.0,-1,0,0,0,6.708203932499369,1.0,-1,-1,206.56505117707795,0.0,245811.0,1
1,-98416.0,-101964.0,1011,61,5,1,62.16912416947821,-1.0,-1.0,-1,0,1,0,3.605551275463989,6.708203932499369,4,-1,236.30993247402026,26.56505117707799,245811.0,1
1,-98419.0,-101966.0,1011,62,2,1,65.5133574166368,64.0,90.0,1,1,1,1,1.0,3.605551275463989,4,5,270.0,56.309932474020194,245811.0,1
1,-98420.0,-101966.0,1011,63,2,1,66.49060083951716,65.0,90.0,1,1,1,1,1.0,1.0,4,5,180.0,90.0,245811.0,1
1,-98420.0,-101967.0,1011,64,2,1,66.70832032063167,65.0,90.0,1,1,1,1,1.4142135623730951,1.0,4,5,225.00000000000006,0.0,245811.0,1
1,-98421.0,-101968.0,1011,65,5,1,67.91170738539859,-1.0,-1.0,-1,0,0,1,2.23606797749979,1.4142135623730951,-1,5,243.43494882292194,45.0,245811.0,1
1,-98423.0,-101969.0,1011,66,5,1,70.09279563550022,-1.0,-1.0,-1,0,1,0,1.4142135623730951,2.23606797749979,5,-1,225.00000000000006,63.43494882292201,245811.0,1
1,-98424.0,-101970.0,1011,67,2,1,71.30918594402827,69.0,90.0,1,1,1,1,2.23606797749979,1.4142135623730951,5,6,206.56505117707795,45.0,245811.0,1
1,-98425.0,-101972.0,1011,68,5,1,72.80109889280519,-1.0,-1.0,-1,0,1,1,1.0,2.23606797749979,5,6,180.0,26.56505117707799,245811.0,1
1,-98425.0,-101973.0,1011,69,2,1,73.08214556237385,70.0,90.0,1,1,1,1,4.47213595499958,1.0,5,6,153.43494882292208,0.0,245811.0,1
1,-98423.0,-101977.0,1011,70,2,1,71.78439941937245,68.0,90.0,1,1,1,1,17.46424919657298,4.47213595499958,5,6,203.62937773065684,333.434948822922,245811.0,1
1,-98430.0,-101993.0,1011,71,5,1,75.32595834106593,-1.0,-1.0,-1,0,0,1,7.615773105863909,17.46424919657298,-1,6,246.80140948635187,23.629377730656827,245811.0,1
1,-98437.0,-101996.0,1011,72,5,1,82.09750300709517,-1.0,-1.0,-1,0,0,0,1.4142135623730951,7.615773105863909,-1,-1,225.00000000000006,66.80140948635182,245811.0,1
1,-98438.0,-101997.0,1011,73,5,1,83.05419917138447,-1.0,-1.0,-1,0,0,0,4.47213595499958,1.4142135623730951,-1,-1,206.56505117707795,45.0,245811.0,1
1,-98440.0,-102001.0,1011,74,5,1,85.00588214941364,-1.0,-1.0,-1,0,0,0,14.212670403551895,4.47213595499958,-1,-1,219.28940686250036,26.56505117707799,245811.0,1
1,-98449.0,-102012.0,1011,75,5,1,94.76286192385707,-1.0,-1.0,-1,0,0,0,1.0,14.212670403551895,-1,-1,270.0,39.289406862500364,245811.0,1
1,-98450.0,-102012.0,1011,76,5,1,95.75489543621255,-1.0,-1.0,-1,0,0,0,1.0,1.0,-1,-1,180.0,90.0,245811.0,1
1,-98450.0,-102013.0,1011,77,5,1,95.88534820294495,-1.0,-1.0,-1,0,0,0,1.0,1.0,-1,-1,180.0,0.0,245811.0,1
1,-98450.0,-102014.0,1011,78,5,1,96.0260381354974,-1.0,-1.0,-1,0,0,0,40.311288741492746,1.0,-1,-1,156.61477894278622,0.0,245811.0,1
1,-98434.0,-102051.0,1011,79,5,1,87.66413177577246,-1.0,-1.0,-1,0,0,0,1.0,40.311288741492746,-1,-1,180.0,336.6147789427862,245811.0,1
1,-98434.0,-102052.0,1011,80,5,1,88.02272433866155,-1.0,-1.0,-1,0,0,0,31.11269837220809,1.0,-1,-1,134.99999999999994,0.0,245811.0,1
1,-98412.0,-102074.0,1011,81,5,1,80.72174428244226,-1.0,-1.0,-1,0,0,0,32.64965543462902,31.11269837220809,-1,-1,207.34987578006988,315.0,245811.0,1
1,-98427.0,-102103.0,1011,82,5,1,111.8659912573969,-1.0,-1.0,-1,0,0,0,1.0,32.64965543462902,-1,-1,180.0,27.34987578006988,245811.0,1
1,-98427.0,-102104.0,1011,83,5,1,112.60994627474076,-1.0,-1.0,-1,0,0,0,1.4142135623730951,1.0,-1,-1,225.00000000000006,0.0,245811.0,1
1,-98428.0,-102105.0,1011,84,5,1,114.02192771568107,-1.0,-1.0,-1,0,0,0,1.0,1.4142135623730951,-1,-1,90.0,45.0,245811.0,1
1,-98427.0,-102105.0,1011,85,5,1,113.35784048754634,-1.0,-1.0,-1,0,0,0,3.1622776601683795,1.0,-1,-1,161.56505117707798,270.0,245811.0,1
1,-98426.0,-102108.0,1011,86,5,1,114.97825881443848,-1.0,-1.0,-1,0,0,0,18.384776310850235,3.1622776601683795,-1,-1,202.38013505195957,341.56505117707803,245811.0,1
1,-98433.0,-102125.0,1011,87,5,1,132.61221663180206,-1.0,-1.0,-1,0,0,0,1.0,18.384776310850235,-1,-1,180.0,22.380135051959556,245811.0,1
1,-98433.0,-102126.0,1011,88,5,1,133.4053971921676,-1.0,-1.0,-1,0,0,0,1.0,1.0,-1,-1,180.0,0.0,245811.0,1
1,-98433.0,-102127.0,1011,89,5,1,134.2013412749664,-1.0,-1.0,-1,0,0,0,1.0,1.0,-1,-1,90.0,0.0,245811.0,1
1,-98432.0,-102127.0,1011,90,5,1,133.60014970051492,-1.0,-1.0,-1,0,0,0,13.416407864998739,1.0,-1,-1,116.56505117707793,270.0,245811.0,1
1,-98420.0,-102133.0,1011,91,5,1,131.88252348207476,-1.0,-1.0,-1,0,0,0,3.605551275463989,13.416407864998739,-1,-1,123.69006752597976,296.565051177078,245811.0,1
1,-98417.0,-102135.0,1011,92,5,1,132.09844813622905,-1.0,-1.0,-1,0,0,0,17.46424919657298,3.605551275463989,-1,-1,156.3706222693432,303.69006752597977,245811.0,1
1,-98410.0,-102151.0,1011,93,5,1,143.26548781894402,-1.0,-1.0,-1,0,0,0,17.46424919657298,17.46424919657298,-1,-1,203.62937773065684,336.3706222693432,245811.0,1
1,-98417.0,-102167.0,1011,94,5,1,160.72958657322553,-1.0,-1.0,-1,0,0,0,1.4142135623730951,17.46424919657298,-1,-1,225.00000000000006,23.629377730656827,245811.0,1
1,-98418.0,-102168.0,1011,95,5,1,162.04937519163718,-1.0,-1.0,-1,0,0,0,17.46424919657298,1.4142135623730951,-1,-1,203.62937773065684,45.0,245811.0,1
1,-98425.0,-102184.0,1011,96,5,1,178.35358140502814,-1.0,-1.0,-1,0,1,0,17.46424919657298,17.46424919657298,6,-1,246.37062226934316,23.629377730656827,245811.0,1
1,-98441.0,-102191.0,1011,97,3,1,192.77447963877376,192.27824304059516,31.607502246250874,1,1,1,1,17.46424919657298,17.46424919657298,6,7,293.6293777306568,66.37062226934317,245811.0,1
1,-98457.0,-102184.0,1011,98,3,1,194.7331507473753,194.7331507473753,32.62915583571557,1,1,1,1,16.15549442140351,17.46424919657298,6,7,291.8014094863518,113.62937773065683,245811.0,1
1,-98472.0,-102178.0,1011,99,3,1,198.40362899906847,198.40362899906847,37.21644047353461,1,1,1,1,1.0,16.15549442140351,6,7,270.0,111.80140948635182,245811.0,1
1,-98473.0,-102178.0,1011,100,3,1,199.01004999748127,199.01004999748127,37.445715239089004,1,1,1,1,1.0,1.0,6,7,270.0,90.0,245811.0,1
1,-98474.0,-102178.0,1011,101,3,1,199.61963831246663,199.61963831246663,37.67359333983044,1,1,1,1,1.0,1.0,6,7,180.0,90.0,245811.0,1
1,-98474.0,-102179.0,1011,102,5,1,200.4120754844877,-1.0,-1.0,-1,0,0,1,10.816653826391969,1.0,-1,7,213.69006752597974,0.0,245811.0,1
1,-98480.0,-102188.0,1011,103,5,1,211.20606051910536,-1.0,-1.0,-1,0,0,0,24.041630560342615,10.816653826391969,-1,-1,196.9275130641471,33.690067525979806,245811.0,1
1,-98487.0,-102211.0,1011,104,5,1,233.89313799254566,-1.0,-1.0,-1,0,0,0,1.0,24.041630560342615,-1,-1,180.0,16.927513064147032,245811.0,1
1,-98487.0,-102212.0,1011,105,5,1,234.71045992882378,-1.0,-1.0,-1,0,0,0,1.0,1.0,-1,-1,180.0,0.0,245811.0,1
1,-98487.0,-102213.0,1011,106,5,1,235.52919139673537,-1.0,-1.0,-1,0,0,0,24.20743687382041,1.0,-1,-1,141.70983680775691,0.0,245811.0,1
1,-98472.0,-102232.0,1011,107,5,1,240.16869071550522,-1.0,-1.0,-1,0,1,0,46.06517122512408,24.20743687382041,7,-1,242.87869659584132,321.7098368077569,245811.0,1
1,-98513.0,-102253.0,1011,108,4,1,283.21370023358685,283.21370023358685,34.64397375072998,1,1,1,1,16.15549442140351,46.06517122512408,7,8,248.19859051364818,62.87869659584134,245811.0,1
1,-98528.0,-102259.0,1011,109,4,1,296.8113879216901,296.8113879216901,36.36799327823239,1,1,1,1,9.486832980505138,16.15549442140351,7,8,251.565051177078,68.19859051364818,245811.0,1
1,-98537.0,-102262.0,1011,110,4,1,304.6128690649822,304.6128690649822,37.39656758722021,1,1,1,1,1.0,9.486832980505138,7,8,270.0,71.56505117707799,245811.0,1
1,-98538.0,-102262.0,1011,111,4,1,305.2212312405544,305.2212312405544,37.545701187251545,1,1,1,1,1.0,1.0,7,8,180.0,90.0,245811.0,1
1,-98538.0,-102263.0,1011,112,5,1,306.01470552899906,-1.0,-1.0,-1,0,0,1,8.54400374531753,1.0,-1,8,200.5560452195835,0.0,245811.0,1
1,-98541.0,-102271.0,1011,113,5,1,312.3587680856742,-1.0,-1.0,-1,0,0,0,9.848857801796104,8.54400374531753,-1,-1,203.96248897457812,20.556045219583464,245811.0,1
1,-98545.0,-102280.0,1011,114,5,1,314.9492022533158,-1.0,-1.0,-1,0,1,0,1.0,9.848857801796104,8,-1,180.0,23.962488974578186,245811.0,1
1,-98545.0,-102281.0,1011,115,4,1,314.81423093627774,317.57762384937104,105.94539590092322,1,1,1,1,1.0,1.0,8,9,180.0,0.0,245811.0,1
1,-98545.0,-102282.0,1011,116,5,1,314.6823795511913,-1.0,-1.0,-1,0,1,1,1.0,1.0,8,9,90.0,0.0,245811.0,1
1,-98544.0,-102282.0,1011,117,4,1,313.6909306945293,316.3413787738268,105.94539590092138,1,1,1,1,1.0,1.0,8,9,180.0,270.0,245811.0,1
1,-98544.0,-102283.0,1011,118,4,1,313.56179614232343,316.0666576459255,105.94539590092363,1,1,1,1,21.840329667841555,1.0,8,9,105.94539590092282,0.0,245811.0,1
1,-98523.0,-102289.0,1011,119,5,1,291.9863010485252,-1.0,-1.0,-1,0,0,1,13.92838827718412,21.840329667841555,-1,9,111.03751102542182,285.94539590092285,245811.0,1
1,-98510.0,-102294.0,1011,120,5,1,278.5139134765084,-1.0,-1.0,-1,0,0,0,5.0,13.92838827718412,-1,-1,126.86989764584402,291.0375110254218,245811.0,1
1,-98506.0,-102297.0,1011,121,5,1,274.23530042647684,-1.0,-1.0,-1,0,0,0,4.47213595499958,5.0,-1,-1,153.43494882292208,306.86989764584405,245811.0,1
1,-98504.0,-102301.0,1011,122,5,1,271.89152248645047,-1.0,-1.0,-1,0,0,0,8.246211251235321,4.47213595499958,-1,-1,165.96375653207355,333.434948822922,245811.0,1
1,-98502.0,-102309.0,1011,123,5,1,268.55539465815986,-1.0,-1.0,-1,0,0,0,9.0,8.246211251235321,-1,-1,180.0,345.96375653207355,245811.0,1
1,-98502.0,-102318.0,1011,124,5,1,266.3174797117155,-1.0,-1.0,-1,0,0,0,10.0,9.0,-1,-1,180.0,0.0,245811.0,1
1,-98502.0,-102328.0,1011,125,5,1,264.1685068285014,-1.0,-1.0,-1,0,0,0,1.0,10.0,-1,-1,180.0,0.0,245811.0,1
1,-98502.0,-102329.0,1011,126,5,1,263.97348351681086,-1.0,-1.0,-1,0,0,0,18.681541692269406,1.0,-1,-1,164.47588900324575,0.0,245811.0,1
1,-98497.0,-102347.0,1011,127,5,1,256.1347301714471,-1.0,-1.0,-1,0,0,0,15.264337522473747,18.681541692269406,-1,-1,238.39249775375112,344.4758890032457,245811.0,1
1,-98510.0,-102355.0,1011,128,5,1,268.1678578800972,-1.0,-1.0,-1,0,0,0,3.605551275463989,15.264337522473747,-1,-1,236.30993247402026,58.392497753751115,245811.0,1
1,-98513.0,-102357.0,1011,129,5,1,270.9778588741154,-1.0,-1.0,-1,0,0,0,1.0,3.605551275463989,-1,-1,180.0,56.309932474020194,245811.0,1
1,-98513.0,-102358.0,1011,130,5,1,270.6233544984616,-1.0,-1.0,-1,0,0,0,1.0,1.0,-1,-1,270.0,0.0,245811.0,1
1,-98514.0,-102358.0,1011,131,5,1,271.5437349673161,-1.0,-1.0,-1,0,0,0,1.0,1.0,-1,-1,180.0,90.0,245811.0,1
1,-98514.0,-102359.0,1011,132,5,1,271.15493725912495,-1.0,-1.0,-1,0,0,0,35.510561809129406,1.0,-1,-1,170.27242144859838,0.0,245811.0,1
1,-98508.0,-102394.0,1011,133,5,1,253.84247083575278,-1.0,-1.0,-1,0,0,0,34.132096331752024,35.510561809129406,-1,-1,185.04245106917094,350.2724214485984,245811.0,1
1,-98511.0,-102428.0,1011,134,5,1,249.6096953245206,-1.0,-1.0,-1,0,0,0,26.019223662515376,34.132096331752024,-1,-1,182.20259816176576,5.0424510691708955,245811.0,1
1,-98512.0,-102454.0,1011,135,5,1,248.20153101864622,-1.0,-1.0,-1,0,0,0,3.1622776601683795,26.019223662515376,-1,-1,198.43494882292202,2.2025981617658186,245811.0,1
1,-98513.0,-102457.0,1011,136,5,1,249.09837414162303,-1.0,-1.0,-1,0,0,0,10.63014581273465,3.1622776601683795,-1,-1,228.81407483429038,18.434948822922006,245811.0,1
1,-98521.0,-102464.0,1011,137,5,1,257.0,-1.0,-1.0,-1,0,0,0,1.0,10.63014581273465,-1,-1,180.0,48.81407483429037,245811.0,1
1,-98521.0,-102465.0,1011,138,5,1,257.00194551792794,-1.0,-1.0,-1,0,0,0,1.0,1.0,-1,-1,180.0,0.0,245811.0,1
1,-98521.0,-102466.0,1011,139,5,1,257.00778198334774,-1.0,-1.0,-1,0,0,0,5.0990195135927845,1.0,-1,-1,168.6900675259798,0.0,245811.0,1
1,-98520.0,-102471.0,1011,140,5,1,256.09568524284043,-1.0,-1.0,-1,0,0,0,7.615773105863909,5.0990195135927845,-1,-1,246.80140948635187,348.69006752597977,245811.0,1
1,-98527.0,-102474.0,1011,141,5,1,263.1900454044567,-1.0,-1.0,-1,0,0,0,12.529964086141668,7.615773105863909,-1,-1,241.3895403340348,66.80140948635182,245811.0,1
1,-98538.0,-102480.0,1011,142,5,1,274.46675572826666,-1.0,-1.0,-1,0,0,0,17.88854381999832,12.529964086141668,-1,-1,243.43494882292194,61.38954033403479,245811.0,1
1,-98554.0,-102488.0,1011,143,5,1,290.99140880788906,-1.0,-1.0,-1,0,0,0,1.0,17.88854381999832,-1,-1,180.0,63.43494882292201,245811.0,1
1,-98554.0,-102489.0,1011,144,5,1,291.0755915565577,-1.0,-1.0,-1,0,0,0,1.0,1.0,-1,-1,270.0,0.0,245811.0,1
1,-98555.0,-102489.0,1011,145,5,1,292.07190895394234,-1.0,-1.0,-1,0,0,0,1.0,1.0,-1,-1,180.0,90.0,245811.0,1
1,-98555.0,-102490.0,1011,146,5,1,292.15920317525513,-1.0,-1.0,-1,0,0,0,1.0,1.0,-1,-1,180.0,0.0,245811.0,1
1,-98555.0,-102491.0,1011,147,5,1,292.2498930709813,-1.0,-1.0,-1,0,0,0,26.570660511172846,1.0,-1,-1,160.2011236454751,0.0,245811.0,1
1,-98546.0,-102516.0,1011,148,5,1,286.75425018646195,-1.0,-1.0,-1,0,0,0,10.198039027185569,26.570660511172846,-1,-1,168.6900675259798,340.2011236454751,245811.0,1
1,-98544.0,-102526.0,1011,149,5,1,286.7821472825671,-1.0,-1.0,-1,0,0,0,13.038404810405298,10.198039027185569,-1,-1,175.60129464500443,348.69006752597977,245811.0,1
1,-98543.0,-102539.0,1011,150,5,1,288.90482862008383,-1.0,-1.0,-1,0,0,0,2.0,13.038404810405298,-1,-1,180.0,355.60129464500443,245811.0,1
1,-98543.0,-102541.0,1011,151,5,1,289.4304752440558,-1.0,-1.0,-1,0,0,0,1.0,2.0,-1,-1,180.0,0.0,245811.0,1
1,-98543.0,-102542.0,1011,152,5,1,289.69811873741946,-1.0,-1.0,-1,0,0,0,1.0,1.0,-1,-1,90.0,0.0,245811.0,1
1,-98542.0,-102542.0,1011,153,5,1,288.7351727794866,-1.0,-1.0,-1,0,1,0,1.0,1.0,9,-1,180.0,270.0,245811.0,1
1,-98542.0,-102543.0,1011,154,4,1,289.0069203323685,295.5757094214611,77.89170422297684,1,1,1,1,1.0,1.0,9,10,90.0,0.0,245811.0,1
1,-98541.0,-102543.0,1011,155,4,1,288.0451353520833,288.0451353520833,74.08192683401752,1,1,1,1,2.0,1.0,9,10,90.0,270.0,245811.0,1
1,-98539.0,-102543.0,1011,156,4,1,286.1223514512629,286.1223514512629,73.97208503057364,1,1,1,1,10.198039027185569,2.0,9,10,78.69006752597981,270.0,245811.0,1
1,-98529.0,-102541.0,1011,157,5,1,275.9601420495358,-1.0,-1.0,-1,0,0,1,43.04648650006177,10.198039027185569,-1,10,177.33699923393283,258.6900675259798,245811.0,1
1,-98527.0,-102584.0,1011,158,5,1,289.0830330545188,-1.0,-1.0,-1,0,0,0,43.56604182158393,43.04648650006177,-1,-1,189.2461127455632,357.33699923393283,245811.0,1
1,-98534.0,-102627.0,1011,159,5,1,315.38706378036494,-1.0,-1.0,-1,0,0,0,11.180339887498949,43.56604182158393,-1,-1,190.30484646876607,9.246112745563217,245811.0,1
1,-98536.0,-102638.0,1011,160,5,1,322.893171188243,-1.0,-1.0,-1,0,0,0,1.4142135623730951,11.180339887498949,-1,-1,134.99999999999994,10.304846468766025,245811.0,1
1,-98535.0,-102639.0,1011,161,5,1,322.5926223582926,-1.0,-1.0,-1,0,0,0,40.70626487409524,1.4142135623730951,-1,-1,152.17590361574676,315.0,245811.0,1
1,-98516.0,-102675.0,1011,162,5,1,326.8103425535979,-1.0,-1.0,-1,0,0,0,5.0,40.70626487409524,-1,-1,143.13010235415598,332.17590361574673,245811.0,1
1,-98513.0,-102679.0,1011,163,5,1,326.8088126106761,-1.0,-1.0,-1,0,0,0,8.54400374531753,5.0,-1,-1,159.4439547804165,323.13010235415595,245811.0,1
1,-98510.0,-102687.0,1011,164,5,1,329.3706119252293,-1.0,-1.0,-1,0,0,0,1.0,8.54400374531753,-1,-1,90.0,339.44395478041656,245811.0,1
1,-98509.0,-102687.0,1011,165,5,1,328.5909310982274,-1.0,-1.0,-1,0,0,0,6.4031242374328485,1.0,-1,-1,231.34019174590992,270.0,245811.0,1
1,-98514.0,-102691.0,1011,166,5,1,334.9940297975473,-1.0,-1.0,-1,0,0,0,1.0,6.4031242374328485,-1,-1,180.0,51.34019174590992,245811.0,1
1,-98514.0,-102692.0,1011,167,5,1,335.62181097181394,-1.0,-1.0,-1,0,0,0,1.0,1.0,-1,-1,180.0,0.0,245811.0,1
1,-98514.0,-102693.0,1011,168,5,1,336.25139404915484,-1.0,-1.0,-1,0,0,0,41.78516483155236,1.0,-1,-1,158.96248897457818,0.0,245811.0,1
1,-98499.0,-102732.0,1011,169,5,1,351.4498541755282,-1.0,-1.0,-1,0,1,0,470.0,41.78516483155236,10,-1,270.0,338.96248897457815,245811.0,1
1,-98969.0,-102732.0,1011,170,5,1,754.2207899547718,754.2207899547718,69.18610773063074,1,1,1,1,82.0,470.0,10,11,0.0,90.0,245811.0,1
1,-98969.0,-102650.0,1011,171,5,1,729.1234463381355,-1.0,-1.0,-1,0,0,1,45.221676218380054,82.0,-1,11,125.09581678702617,180.0,245811.0,1
1,-98932.0,-102676.0,1011,172,5,1,700.8337891397646,-1.0,-1.0,-1,0,0,0,1.0,45.221676218380054,-1,-1,90.0,305.09581678702614,245811.0,1
1,-98931.0,-102676.0,1011,173,5,1,699.8807041203522,-1.0,-1.0,-1,0,1,0,1.0,1.0,11,-1,90.0,270.0,245811.0,1
1,-98930.0,-102676.0,1011,174,5,1,698.9277502002622,698.9277502002622,72.34277417134163,1,1,1,1,1.4142135623730951,1.0,11,12,45.0,270.0,245811.0,1
1,-98929.0,-102675.0,1011,175,5,1,697.6718426309034,697.6718426309034,72.3961193370287,1,1,1,1,17.029386365926403,1.4142135623730951,11,12,40.23635830927382,225.00000000000006,245811.0,1
1,-98918.0,-102662.0,1011,176,5,1,683.315446920381,683.315446920381,73.15619144827258,1,1,1,1,5.830951894845301,17.029386365926403,11,12,30.963756532073518,220.2363583092738,245811.0,1
1,-98915.0,-102657.0,1011,177,5,1,679.0066273608822,679.0066273608822,73.48664916491468,1,1,1,1,1.0,5.830951894845301,11,12,0.0,210.96375653207352,245811.0,1
1,-98915.0,-102656.0,1011,178,5,1,678.7230657639388,678.7230657639388,73.56758430890486,1,1,1,1,7.0,1.0,11,12,0.0,180.0,245811.0,1
1,-98915.0,-102649.0,1011,179,5,1,676.7761816139808,676.7761816139808,74.13600661312972,1,1,1,1,1.0,7.0,11,12,0.0,180.0,245811.0,1
1,-98915.0,-102648.0,1011,180,5,1,676.503510707816,676.503510707816,74.21747491178789,1,1,1,1,7.280109889280518,1.0,11,12,344.0546040990771,180.0,245811.0,1
1,-98917.0,-102641.0,1011,181,5,1,676.563374710751,676.563374710751,74.83401129429122,1,1,1,1,10.816653826391969,7.280109889280518,11,12,326.3099324740203,164.0546040990772,245811.0,1
1,-98923.0,-102632.0,1011,182,5,1,680.0772014999474,680.0772014999474,75.69812179704975,1,1,1,1,62.96824596572466,10.816653826391969,11,12,313.069412558833,146.30993247402026,245811.0,1
1,-98969.0,-102589.0,1011,183,5,1,715.9958100436063,715.9958100436063,79.94566440000565,1,1,1,1,228.0,62.96824596572466,11,12,0.0,133.06941255883297,245811.0,1
1,-98969.0,-102361.0,1011,184,5,1,704.9609918286259,-1.0,-1.0,-1,0,0,1,83.2586331859946,228.0,-1,12,114.10223450116112,180.0,245811.0,1
1,-98893.0,-102395.0,1011,185,5,1,632.7732611291347,-1.0,-1.0,-1,0,0,0,68.76772498781678,83.2586331859946,-1,-1,130.87240829748833,294.10223450116115,245811.0,1
1,-98841.0,-102440.0,1011,186,5,1,577.4989177479036,-1.0,-1.0,-1,0,0,0,4.242640687119285,68.76772498781678,-1,-1,134.99999999999994,310.8724082974883,245811.0,1
1,-98838.0,-102443.0,1011,187,5,1,574.3840178835062,-1.0,-1.0,-1,0,0,0,65.79513659838392,4.242640687119285,-1,-1,133.15238973400542,315.0,245811.0,1
1,-98790.0,-102488.0,1011,188,5,1,526.5472438442728,-1.0,-1.0,-1,0,0,0,48.91829923454004,65.79513659838392,-1,-1,139.14462374110434,313.1523897340054,245811.0,1
1,-98758.0,-102525.0,1011,189,5,1,497.7519462543567,-1.0,-1.0,-1,0,0,0,10.295630140987,48.91829923454004,-1,-1,150.94539590092288,319.1446237411043,245811.0,1
1,-98753.0,-102534.0,1011,190,5,1,493.98481758045966,-1.0,-1.0,-1,0,0,0,24.166091947189145,10.295630140987,-1,-1,155.55604521958347,330.9453959009229,245811.0,1
1,-98743.0,-102556.0,1011,191,5,1,487.7550614806575,-1.0,-1.0,-1,0,0,0,1.0,24.166091947189145,-1,-1,180.0,335.55604521958344,245811.0,1
1,-98743.0,-102557.0,1011,192,5,1,487.94466899434406,-1.0,-1.0,-1,0,0,0,1.0,1.0,-1,-1,90.0,0.0,245811.0,1
1,-98742.0,-102557.0,1011,193,5,1,486.96303761168565,-1.0,-1.0,-1,0,0,0,1.0,1.0,-1,-1,90.0,270.0,245811.0,1
1,-98741.0,-102557.0,1011,194,5,1,485.9814811286537,-1.0,-1.0,-1,0,1,0,1.0,1.0,12,-1,90.0,270.0,245811.0,1
1,-98740.0,-102557.0,1011,195,4,1,485.0,485.0,78.94491969668763,1,1,1,1,1.0,1.0,12,13,0.0,270.0,245811.0,1
1,-98740.0,-102556.0,1011,196,5,1,484.809240836022,-1.0,-1.0,-1,0,1,1,1.0,1.0,12,13,90.0,180.0,245811.0,1
1,-98739.0,-102556.0,1011,197,4,1,483.8274485805864,483.8274485805864,79.03843643637052,1,1,1,1,1.0,1.0,12,13,0.0,270.0,245811.0,1
1,-98739.0,-102555.0,1011,198,4,1,483.6382945962819,483.6382945962819,79.15474330306917,1,1,1,1,6.0,1.0,12,13,0.0,180.0,245811.0,1
1,-98739.0,-102549.0,1011,199,4,1,482.5453346577915,482.5453346577915,79.85445556610367,1,1,1,1,6.082762530298219,6.0,12,13,350.5376777919744,180.0,245811.0,1
1,-98740.0,-102543.0,1011,200,5,1,482.5111397677778,-1.0,-1.0,-1,0,1,1,1.0,6.082762530298219,12,13,90.0,170.53767779197443,245811.0,1
1,-98739.0,-102543.0,1011,201,4,1,481.5246618814035,481.5246618814035,80.55723934106516,1,1,1,1,1.0,1.0,12,13,0.0,270.0,245811.0,1
1,-98739.0,-102542.0,1011,202,4,1,481.361610434401,481.361610434401,80.67465514596643,1,1,1,1,123.00406497347964,1.0,12,13,0.46580908276496846,180.0,245811.0,1
1,-98738.0,-102419.0,1011,203,5,1,476.13128441638867,-1.0,-1.0,-1,0,0,1,48.83646178829912,123.00406497347964,-1,13,42.51044707800085,180.46580908276496,245811.0,1
1,-98705.0,-102383.0,1011,204,5,1,448.3770734549214,-1.0,-1.0,-1,0,0,0,1.0,48.83646178829912,-1,-1,0.0,222.51044707800085,245811.0,1
1,-98705.0,-102382.0,1011,205,5,1,448.5588032800159,-1.0,-1.0,-1,0,0,0,1.0,1.0,-1,-1,0.0,180.0,245811.0,1
1,-98705.0,-102381.0,1011,206,5,1,448.7426879627121,-1.0,-1.0,-1,0,0,0,1.0,1.0,-1,-1,0.0,180.0,245811.0,1
1,-98705.0,-102380.0,1011,207,5,1,448.9287248550709,-1.0,-1.0,-1,0,0,0,22.67156809750927,1.0,-1,-1,311.4236656250026,180.0,245811.0,1
1,-98722.0,-102365.0,1011,208,5,1,468.5776349763185,-1.0,-1.0,-1,0,1,0,157.07959765672945,22.67156809750927,13,-1,358.17591016762395,131.42366562500268,245811.0,1
1,-98727.0,-102208.0,1011,209,4,1,419.4865909656708,426.20183012277175,60.78870774227188,1,1,1,1,8.54400374531753,157.07959765672945,13,14,20.556045219583464,178.17591016762387,245811.0,1
1,-98724.0,-102200.0,1011,210,4,1,413.26020858534156,419.7153797515645,61.54206724377475,1,1,1,1,8.54400374531753,8.54400374531753,13,14,20.556045219583464,200.5560452195835,245811.0,1
1,-98721.0,-102192.0,1011,211,4,1,407.1179190357506,413.30376238306854,62.31893843151473,1,1,1,1,67.89698078707183,8.54400374531753,13,14,46.19348942398204,200.5560452195835,245811.0,1
1,-98672.0,-102145.0,1011,212,4,1,343.5476677260377,348.5885827160723,65.42001560927763,1,1,1,1,1.0,67.89698078707183,13,14,0.0,226.19348942398202,245811.0,1
1,-98672.0,-102144.0,1011,213,4,1,343.1850812608264,348.1738071710737,65.56966437300251,1,1,1,1,14.866068747318506,1.0,13,14,19.65382405805332,180.0,245811.0,1
1,-98667.0,-102130.0,1011,214,4,1,333.65401241405743,333.65401241405743,70.75047412731828,1,1,1,1,49.658836071740545,14.866068747318506,13,14,25.016893478100037,199.65382405805332,245811.0,1
1,-98646.0,-102085.0,1011,215,4,1,301.09965127844305,301.09965127844305,77.53311133682249,1,1,1,1,10.295630140987,49.658836071740545,13,14,29.054604099077142,205.01689347810003,245811.0,1
1,-98641.0,-102076.0,1011,216,4,1,294.37561040276415,294.37561040276415,79.03360905565947,1,1,1,1,17.804493814764857,10.295630140987,13,14,51.84277341263095,209.05460409907712,245811.0,1
1,-98627.0,-102065.0,1011,217,4,1,278.65749586185547,278.65749586185547,80.7066914006029,1,1,1,1,1.4142135623730951,17.804493814764857,13,14,45.0,231.8427734126309,245811.0,1
1,-98626.0,-102064.0,1011,218,4,1,277.5103601669675,277.5103601669675,80.87710379462152,1,1,1,1,114.75626344561765,1.4142135623730951,13,14,10.03690245396347,225.00000000000006,245811.0,1
1,-98606.0,-101951.0,1011,219,5,1,251.0019920239678,-1.0,-1.0,-1,0,0,1,1.0,114.75626344561765,-1,14,0.0,190.03690245396345,245811.0,1
1,-98606.0,-101950.0,1011,220,5,1,251.00796800101784,-1.0,-1.0,-1,0,0,0,17.0,1.0,-1,-1,0.0,180.0,245811.0,1
1,-98606.0,-101933.0,1011,221,5,1,251.7180962902747,-1.0,-1.0,-1,0,0,0,1.0,17.0,-1,-1,0.0,180.0,245811.0,1
1,-98606.0,-101932.0,1011,222,5,1,251.79555198613022,-1.0,-1.0,-1,0,0,0,1.4142135623730951,1.0,-1,-1,315.0,180.0,245811.0,1
1,-98607.0,-101931.0,1011,223,5,1,252.87348615463821,-1.0,-1.0,-1,0,0,0,13.92838827718412,1.4142135623730951,-1,-1,291.0375110254218,134.99999999999994,245811.0,1
1,-98620.0,-101926.0,1011,224,5,1,266.2724168966812,-1.0,-1.0,-1,0,0,0,2.0,13.92838827718412,-1,-1,0.0,111.03751102542182,245811.0,1
1,-98620.0,-101924.0,1011,225,5,1,266.47513955339247,-1.0,-1.0,-1,0,0,0,15.556349186104045,2.0,-1,-1,45.0,180.0,245811.0,1
1,-98609.0,-101913.0,1011,226,5,1,256.9766526359934,-1.0,-1.0,-1,0,0,0,1.4142135623730951,15.556349186104045,-1,-1,45.0,225.00000000000006,245811.0,1
1,-98608.0,-101912.0,1011,227,5,1,256.14253844295365,-1.0,-1.0,-1,0,0,0,6.324555320336759,1.4142135623730951,-1,-1,18.434948822922006,225.00000000000006,245811.0,1
1,-98606.0,-101906.0,1011,228,5,1,255.180328395431,-1.0,-1.0,-1,0,0,0,1.0,6.324555320336759,-1,-1,0.0,198.43494882292202,245811.0,1
1,-98606.0,-101905.0,1011,229,5,1,255.36248745655655,-1.0,-1.0,-1,0,1,0,9.0,1.0,14,-1,0.0,180.0,245811.0,1
1,-98606.0,-101896.0,1011,230,4,1,257.1711492372346,271.6928412748485,112.50631173980767,1,1,1,1,1.4142135623730951,9.0,14,15,45.0,180.0,245811.0,1
1,-98605.0,-101895.0,1011,231,4,1,256.4156781478075,271.15493725912495,112.78240573048174,1,1,1,1,12.727922061357855,1.4142135623730951,14,15,45.0,225.00000000000006,245811.0,1
1,-98596.0,-101886.0,1011,232,4,1,249.8739682319869,266.6027006614899,115.31550915833826,1,1,1,1,1.4142135623730951,12.727922061357855,14,15,45.0,225.00000000000006,245811.0,1
1,-98595.0,-101885.0,1011,233,4,1,249.1766441703556,266.1296676434253,115.60218755144177,1,1,1,1,2.0,1.4142135623730951,14,15,0.0,225.00000000000006,245811.0,1
1,-98595.0,-101883.0,1011,234,4,1,249.7218452598811,267.0,115.98923358383306,1,1,1,1,1.0,2.0,14,15,90.0,180.0,245811.0,1
1,-98594.0,-101883.0,1011,235,4,1,248.76092940813675,266.101484400219,116.08358537123964,1,1,1,1,1.0,1.0,14,15,0.0,270.0,245811.0,1
1,-98594.0,-101882.0,1011,236,4,1,249.04015740438328,266.54267950930483,116.27665203802506,1,1,1,1,1.0,1.0,14,15,90.0,180.0,245811.0,1
1,-98593.0,-101882.0,1011,237,4,1,248.08063205337092,265.64638149238925,116.37213682354499,1,1,1,1,4.0,1.0,14,15,0.0,270.0,245811.0,1
1,-98593.0,-101878.0,1011,238,4,1,249.23884127479008,267.4471910489994,117.13990592932097,1,1,1,1,12.727922061357855,4.0,14,15,45.0,180.0,245811.0,1
1,-98584.0,-101869.0,1011,239,5,1,243.57750306627253,-1.0,-1.0,-1,0,0,1,1.4142135623730951,12.727922061357855,-1,15,134.99999999999994,225.00000000000006,245811.0,1
1,-98583.0,-101870.0,1011,240,5,1,242.2973379961076,-1.0,-1.0,-1,0,0,0,1.0,1.4142135623730951,-1,-1,90.0,315.0,245811.0,1
1,-98582.0,-101870.0,1011,241,5,1,241.3565826738521,-1.0,-1.0,-1,0,0,0,1.0,1.0,-1,-1,90.0,270.0,245811.0,1
1,-98581.0,-101870.0,1011,242,5,1,240.41630560342617,-1.0,-1.0,-1,0,0,0,1.0,1.0,-1,-1,0.0,270.0,245811.0,1
1,-98581.0,-101869.0,1011,243,5,1,240.75921581530375,-1.0,-1.0,-1,0,0,0,2.8284271247461903,1.0,-1,-1,45.0,180.0,245811.0,1
1,-98579.0,-101867.0,1011,244,5,1,239.58505796480713,-1.0,-1.0,-1,0,0,0,1.4142135623730951,2.8284271247461903,-1,-1,45.0,225.00000000000006,245811.0,1
1,-98578.0,-101866.0,1011,245,5,1,239.0083680543424,-1.0,-1.0,-1,0,0,0,1.0,1.4142135623730951,-1,-1,0.0,225.00000000000006,245811.0,1
1,-98578.0,-101865.0,1011,246,5,1,239.370006475331,-1.0,-1.0,-1,0,0,0,1.0,1.0,-1,-1,0.0,180.0,245811.0,1
1,-98578.0,-101864.0,1011,247,5,1,239.7352706632881,-1.0,-1.0,-1,0,0,0,1.0,1.0,-1,-1,270.0,180.0,245811.0,1
1,-98579.0,-101864.0,1011,248,5,1,240.66574330386118,-1.0,-1.0,-1,0,0,0,18.601075237738275,1.0,-1,-1,306.25383773744477,90.0,245811.0,1
1,-98594.0,-101853.0,1011,249,5,1,258.69286808878206,-1.0,-1.0,-1,0,0,0,51.66236541235796,18.601075237738275,-1,-1,312.6467031338917,126.25383773744474,245811.0,1
1,-98632.0,-101818.0,1011,250,5,1,307.7092783781471,-1.0,-1.0,-1,0,0,0,3.1622776601683795,51.66236541235796,-1,-1,341.56505117707803,132.64670313389175,245811.0,1
1,-98633.0,-101815.0,1011,251,5,1,309.92418427738096,-1.0,-1.0,-1,0,0,0,1.0,3.1622776601683795,-1,-1,270.0,161.56505117707798,245811.0,1
1,-98634.0,-101815.0,1011,252,5,1,310.82149217838844,-1.0,-1.0,-1,0,0,0,1.0,1.0,-1,-1,270.0,90.0,245811.0,1
1,-98635.0,-101815.0,1011,253,5,1,311.7194251245822,-1.0,-1.0,-1,0,0,0,35.05709628591621,1.0,-1,-1,273.27048792318357,90.0,245811.0,1
1,-98670.0,-101813.0,1011,254,5,1,344.30509726113553,-1.0,-1.0,-1,0,0,0,1.0,35.05709628591621,-1,-1,270.0,93.27048792318355,245811.0,1
1,-98671.0,-101813.0,1011,255,5,1,345.2202195700594,-1.0,-1.0,-1,0,0,0,36.013886210738214,1.0,-1,-1,271.5911402711946,90.0,245811.0,1
1,-98707.0,-101812.0,1011,256,5,1,378.8192180974983,-1.0,-1.0,-1,0,0,0,80.05623023850174,36.013886210738214,-1,-1,272.1475854282985,91.59114027119459,245811.0,1
1,-98787.0,-101809.0,1011,257,5,1,455.05274419565916,-1.0,-1.0,-1,0,0,0,22.20360331117452,80.05623023850174,-1,-1,277.76516601842536,92.1475854282985,245811.0,1
1,-98809.0,-101806.0,1011,258,5,1,476.8983120121102,-1.0,-1.0,-1,0,0,0,1.0,22.20360331117452,-1,-1,270.0,97.76516601842533,245811.0,1
1,-98810.0,-101806.0,1011,259,5,1,477.85039499826723,-1.0,-1.0,-1,0,0,0,57.723478758647246,1.0,-1,-1,255.96375653207357,90.0,245811.0,1
1,-98866.0,-101820.0,1011,260,5,1,527.7736257146619,-1.0,-1.0,-1,0,0,0,49.36598018878993,57.723478758647246,-1,-1,263.01894259317027,75.96375653207352,245811.0,1
1,-98915.0,-101826.0,1011,261,5,1,574.0,-1.0,-1.0,-1,0,0,0,25.0,49.36598018878993,-1,-1,270.0,83.01894259317021,245811.0,1
1,-98940.0,-101826.0,1011,262,5,1,598.4154075556544,-1.0,-1.0,-1,0,0,0,7.0710678118654755,25.0,-1,-1,278.13010235415595,90.0,245811.0,1
1,-98947.0,-101825.0,1011,263,5,1,605.4692395159311,-1.0,-1.0,-1,0,0,0,1.0,7.0710678118654755,-1,-1,180.0,98.130102354156,245811.0,1
1,-98947.0,-101826.0,1011,264,5,1,605.2602745926747,-1.0,-1.0,-1,0,0,0,1.0,1.0,-1,-1,270.0,0.0,245811.0,1
1,-98948.0,-101826.0,1011,265,5,1,606.2384019509157,-1.0,-1.0,-1,0,0,0,1.4142135623730951,1.0,-1,-1,225.00000000000006,90.0,245811.0,1
1,-98949.0,-101827.0,1011,266,5,1,607.0098845982658,-1.0,-1.0,-1,0,0,0,27.65863337187866,1.4142135623730951,-1,-1,192.52880770915152,45.0,245811.0,1
1,-98955.0,-101854.0,1011,267,5,1,607.9506558924005,-1.0,-1.0,-1,0,0,0,76.2954782408499,27.65863337187866,-1,-1,190.57352341856094,12.52880770915151,245811.0,1
1,-98969.0,-101929.0,1011,268,5,1,614.4306307468728,-1.0,-1.0,-1,0,1,0,197.0,76.2954782408499,15,-1,0.0,10.57352341856091,245811.0,1
1,-98969.0,-101732.0,1011,269,5,1,652.2238879403299,669.940295847324,113.58040699086082,1,1,1,1,558.0,197.0,15,16,90.0,180.0,245811.0,1
1,-98411.0,-101732.0,1011,270,5,1,221.0,-1.0,-1.0,-1,0,1,1,24.596747752497688,558.0,15,16,116.56505117707793,270.0,245811.0,1
1,-98389.0,-101743.0,1011,271,3,1,203.0221662774782,201.17107399375786,154.17900802581238,1,1,0,1,-1.0,24.596747752497688,16,16,-1.0,296.565051177078,245811.0,1
1,-98727.0,-102580.0,1021,272,4,1,477.31017169132275,477.31017169132275,75.93464282547703,1,1,1,0,1.0,-1.0,16,17,270.0,-1.0,245811.0,1
1,-98728.0,-102580.0,1021,273,4,1,478.28025257164865,478.28025257164865,75.96375653207352,1,1,1,1,1.0,1.0,16,17,270.0,90.0,245811.0,1
1,-98729.0,-102580.0,1021,274,4,1,479.2504564421405,479.2504564421405,75.99275236943272,1,1,1,1,1.0,1.0,16,17,270.0,90.0,245811.0,1
1,-98730.0,-102580.0,1021,275,4,1,480.22078255735664,480.22078255735664,76.02163103715102,1,1,1,1,1.4142135623730951,1.0,16,17,225.00000000000006,90.0,245811.0,1
1,-98731.0,-102581.0,1021,276,5,1,481.43327678921406,-1.0,-1.0,-1,0,0,1,1.0,1.4142135623730951,-1,17,180.0,45.0,245811.0,1
1,-98731.0,-102582.0,1021,277,5,1,481.67727785312854,-1.0,-1.0,-1,0,0,0,1.0,1.0,-1,-1,180.0,0.0,245811.0,1
1,-98731.0,-102583.0,1021,278,5,1,481.9232304008596,-1.0,-1.0,-1,0,1,0,3.1622776601683795,1.0,17,-1,161.56505117707798,0.0,245811.0,1
1,-98730.0,-102586.0,1021,279,4,1,481.7053041019997,481.7053041019997,75.32908604198373,1,1,1,1,1.0,3.1622776601683795,17,18,90.0,341.56505117707803,245811.0,1
1,-98729.0,-102586.0,1021,280,5,1,480.73797436857427,-1.0,-1.0,-1,0,0,1,1.0,1.0,-1,18,180.0,270.0,245811.0,1
1,-98729.0,-102587.0,1021,281,5,1,480.9927234376836,-1.0,-1.0,-1,0,0,0,1.0,1.0,-1,-1,90.0,0.0,245811.0,1
1,-98728.0,-102587.0,1021,282,5,1,480.02604096027954,-1.0,-1.0,-1,0,0,0,1.0,1.0,-1,-1,90.0,270.0,245811.0,1
1,-98727.0,-102587.0,1021,283,5,1,479.05949526128796,-1.0,-1.0,-1,0,1,0,1.0,1.0,18,-1,90.0,270.0,245811.0,1
1,-98726.0,-102587.0,1021,284,4,1,478.0930871702706,478.0930871702706,75.09174198774471,1,1,1,1,1.0,1.0,18,19,0.0,270.0,245811.0,1
1,-98726.0,-102586.0,1021,285,4,1,477.8367922209423,477.8367922209423,75.20761248040664,1,1,1,1,1.0,1.0,18,19,0.0,180.0,245811.0,1
1,-98726.0,-102585.0,1021,286,4,1,477.582453614033,477.582453614033,75.32360686255,1,1,1,1,1.0,1.0,18,19,0.0,180.0,245811.0,1
1,-98726.0,-102584.0,1021,287,4,1,477.33007447677124,477.33007447677124,75.4397243806431,1,1,1,1,1.0,1.0,18,19,0.0,180.0,245811.0,1
1,-98726.0,-102583.0,1021,288,4,1,477.07965791888466,477.07965791888466,75.55596427550779,1,1,1,1,2.23606797749979,1.0,18,19,333.434948822922,180.0,245811.0,1
1,-98727.0,-102581.0,1021,289,4,1,477.55418540726873,477.55418540726873,75.81826222948553,1,1,1,1,1.0,2.23606797749979,18,19,0.0,153.43494882292208,245811.0,1
1,-98727.0,-102580.0,1021,290,4,1,477.31017169132275,477.31017169132275,75.93464282547703,1,1,0,1,-1.0,1.0,18,19,-1.0,180.0,245811.0,1
2,-98388.0,-101741.0,2011,291,5,1,204.27677303110113,-1.0,-1.0,-1,0,0,0,12.727922061357855,-1.0,-1,20,45.0,-1.0,245811.0,1
2,-98379.0,-101732.0,2011,292,5,1,203.21663317750347,-1.0,-1.0,-1,0,1,0,79.0,12.727922061357855,19,-1,90.0,225.00000000000006,245811.0,1
2,-98300.0,-101732.0,2011,293,3,1,150.2431362824938,148.51930296883953,136.93058744116644,1,1,1,1,24.166091947189145,79.0,19,20,245.55604521958347,270.0,245811.0,1
2,-98322.0,-101742.0,2011,294,3,1,157.20050890502867,156.23747889301322,136.9305874411647,1,1,1,1,24.331050121192877,24.166091947189145,19,20,170.53767779197443,65.55604521958347,245811.0,1
2,-98318.0,-101766.0,2011,295,3,1,136.02940858505562,135.97329683694568,136.93058744116541,1,1,1,1,32.31098884280702,24.331050121192877,19,20,291.8014094863518,350.5376777919744,245811.0,1
2,-98348.0,-101754.0,2011,296,3,1,165.51737068960466,165.51737068960466,133.5311992856142,1,1,1,1,35.22782990761707,32.31098884280702,19,20,214.59228868750995,111.80140948635182,245811.0,1
2,-98368.0,-101783.0,2011,297,3,1,158.66001386612822,156.01792444694658,154.17900802580638,1,1,1,1,2.8284271247461903,35.22782990761707,19,20,225.00000000000006,34.59228868750995,245811.0,1
2,-98370.0,-101785.0,2011,298,3,1,157.2800050864699,155.0887278003372,154.17900802580618,1,1,1,1,9.486832980505138,2.8284271247461903,19,20,198.43494882292202,45.0,245811.0,1
2,-98373.0,-101794.0,2011,299,5,1,149.57606760441325,-1.0,-1.0,-1,0,0,1,6.324555320336759,9.486832980505138,-1,20,251.565051177078,18.434948822922006,245811.0,1
2,-98379.0,-101796.0,2011,300,5,1,149.6963593411677,-1.0,-1.0,-1,0,0,0,9.848857801796104,6.324555320336759,-1,-1,156.03751102542185,71.56505117707799,245811.0,1
2,-98375.0,-101805.0,2011,301,5,1,139.86421987055874,-1.0,-1.0,-1,0,0,0,4.47213595499958,9.848857801796104,-1,-1,116.56505117707793,336.0375110254218,245811.0,1
2,-98371.0,-101807.0,2011,302,5,1,136.6235704408284,-1.0,-1.0,-1,0,0,0,1.0,4.47213595499958,-1,-1,90.0,296.565051177078,245811.0,1
2,-98370.0,-101807.0,2011,303,5,1,136.2974687952788,-1.0,-1.0,-1,0,0,0,6.324555320336759,1.0,-1,-1,108.43494882292201,270.0,245811.0,1
2,-98364.0,-101809.0,2011,304,5,1,132.5631924781536,-1.0,-1.0,-1,0,0,0,1.0,6.324555320336759,-1,-1,90.0,288.434948822922,245811.0,1
2,-98363.0,-101809.0,2011,305,5,1,132.2800060477773,-1.0,-1.0,-1,0,0,0,19.313207915827967,1.0,-1,-1,111.25050550713328,270.0,245811.0,1
2,-98345.0,-101816.0,2011,306,5,1,121.0826164236634,-1.0,-1.0,-1,0,0,0,6.324555320336759,19.313207915827967,-1,-1,161.56505117707798,291.2505055071332,245811.0,1
2,-98343.0,-101822.0,2011,307,5,1,115.26057435220423,-1.0,-1.0,-1,0,0,0,19.697715603592208,6.324555320336759,-1,-1,66.03751102542182,341.56505117707803,245811.0,1
2,-98325.0,-101814.0,2011,308,5,1,110.38568747804219,-1.0,-1.0,-1,0,0,0,13.152946437965905,19.697715603592208,-1,-1,81.2538377374448,246.03751102542176,245811.0,1
2,-98312.0,-101812.0,2011,309,5,1,100.9554357129917,-1.0,-1.0,-1,0,1,0,21.587033144922902,13.152946437965905,20,-1,103.39249775375107,261.25383773744477,245811.0,1
2,-98291.0,-101817.0,2011,310,2,1,81.05553651663777,80.80999612952702,133.45184230101972,1,1,1,1,38.3275357934736,21.587033144922902,20,21,172.50414236027015,283.39249775375106,245811.0,1
2,-98286.0,-101855.0,2011,311,2,1,55.54277630799526,51.04593608937479,133.45184230101268,1,1,1,1,48.010415536631214,38.3275357934736,20,21,234.32359177813797,352.5041423602701,245811.0,1
2,-98325.0,-101883.0,2011,312,2,1,53.009433122794285,47.27287939692005,154.17900802581738,1,1,1,1,4.123105625617661,48.010415536631214,20,21,194.03624346792654,54.32359177813803,245811.0,1
2,-98326.0,-101887.0,2011,313,2,1,49.0,44.10780331935425,154.17900802579865,1,1,1,1,5.385164807134504,4.123105625617661,20,21,248.19859051364818,14.036243467926484,245811.0,1
2,-98331.0,-101889.0,2011,314,2,1,47.265209192385896,44.48528945704631,154.1790080258085,1,1,1,1,13.0,5.385164807134504,20,21,157.38013505195963,68.19859051364818,245811.0,1
2,-98326.0,-101901.0,2011,315,2,1,35.0,31.505573799548042,154.17900802579845,1,1,1,1,18.384776310850235,13.0,20,21,202.38013505195957,337.3801350519596,245811.0,1
2,-98333.0,-101918.0,2011,316,2,1,19.313207915827967,19.251793022205828,154.17900802582582,1,1,1,1,19.313207915827967,18.384776310850235,20,21,158.74949449286672,22.380135051959556,245811.0,1
2,-98326.0,-101936.0,2011,317,1,1,0.0,0.0,360.0,1,1,1,1,33.12099032335839,19.313207915827967,20,21,241.1134182330893,338.7494944928667,245811.0,1
2,-98355.0,-101952.0,2011,318,1,1,0.0,0.0,360.0,1,1,1,1,41.10960958218893,33.12099032335839,20,21,251.565051177078,61.11341823308931,245811.0,1
2,-98394.0,-101965.0,2011,319,2,1,41.10960958218893,38.99999999998545,90.00000000002137,1,1,1,1,18.973665961010276,41.10960958218893,20,21,288.434948822922,71.56505117707799,245811.0,1
2,-98412.0,-101959.0,2011,320,2,1,57.42821606144492,57.0,90.0,1,1,1,1,7.280109889280518,18.973665961010276,20,21,195.9453959009228,108.43494882292201,245811.0,1
2,-98414.0,-101966.0,2011,321,2,1,60.63827174318213,59.0,90.0,1,1,1,1,4.123105625617661,7.280109889280518,20,21,255.96375653207357,15.94539590092286,245811.0,1
2,-98418.0,-101967.0,2011,322,2,1,64.76109943476871,63.0,90.0,1,1,1,1,3.1622776601683795,4.123105625617661,20,21,198.43494882292202,75.96375653207352,245811.0,1
2,-98419.0,-101970.0,2011,323,2,1,66.48308055437865,64.0,90.0,1,1,1,1,3.1622776601683795,3.1622776601683795,20,21,251.565051177078,18.434948822922006,245811.0,1
2,-98422.0,-101971.0,2011,324,2,1,69.6419413859206,67.0,90.0,1,1,1,1,2.23606797749979,3.1622776601683795,20,21,206.56505117707795,71.56505117707799,245811.0,1
2,-98423.0,-101973.0,2011,325,2,1,71.16881339463234,68.0,90.0,1,1,1,1,4.47213595499958,2.23606797749979,20,21,153.43494882292208,26.56505117707799,245811.0,1
2,-98421.0,-101977.0,2011,326,2,1,69.8927750200262,66.0,90.0,1,1,1,1,19.313207915827967,4.47213595499958,20,21,201.25050550713325,333.434948822922,245811.0,1
2,-98428.0,-101995.0,2011,327,2,1,73.17103251970687,73.0,90.0,1,1,1,1,8.54400374531753,19.313207915827967,20,21,249.4439547804166,21.250505507133223,245811.0,1
2,-98436.0,-101998.0,2011,328,2,1,81.02468759581859,81.0,90.0,1,1,1,1,4.47213595499958,8.54400374531753,20,21,206.56505117707795,69.44395478041653,245811.0,1
2,-98438.0,-102002.0,2011,329,2,1,83.02409288875127,83.02409288875127,88.61964592655556,1,1,1,1,14.866068747318506,4.47213595499958,20,21,222.27368900609372,26.56505117707799,245811.0,1
2,-98448.0,-102013.0,2011,330,2,1,93.90420650854784,93.90420650854784,82.04247477308287,1,1,1,1,40.311288741492746,14.866068747318506,20,21,156.61477894278622,42.27368900609372,245811.0,1
2,-98432.0,-102050.0,2011,331,2,1,85.44003745317531,85.44003745317531,69.44395478041653,1,1,1,1,33.24154027718932,40.311288741492746,20,21,136.21887523513126,336.6147789427862,245811.0,1
2,-98409.0,-102074.0,2011,332,2,1,78.5175139698144,78.5175139698144,46.54815769897795,1,1,1,1,34.48187929913333,33.24154027718932,20,21,209.53878225955813,316.21887523513124,245811.0,1
2,-98426.0,-102104.0,2011,333,3,1,111.94641575325224,111.94641575325224,41.37851529588266,1,1,1,1,4.47213595499958,34.48187929913333,20,21,153.43494882292208,29.538782259558108,245811.0,1
2,-98424.0,-102108.0,2011,334,3,1,113.70136322841516,113.70136322841516,39.289406862500364,1,1,1,1,19.313207915827967,4.47213595499958,20,21,201.25050550713325,333.434948822922,245811.0,1
2,-98431.0,-102126.0,2011,335,3,1,132.20060514233663,132.20060514233663,36.69653726863695,1,1,1,1,12.529964086141668,19.313207915827967,20,21,118.61045966596521,21.250505507133223,245811.0,1
2,-98420.0,-102132.0,2011,336,3,1,131.0267148332736,131.02435641608272,31.60750224625143,1,1,1,1,5.0990195135927845,12.529964086141668,20,21,101.3099324740202,298.6104596659652,245811.0,1
2,-98415.0,-102133.0,2011,337,3,1,129.37542270462347,129.25552760446845,31.607502246255656,1,1,1,1,19.313207915827967,5.0990195135927845,20,21,158.74949449286672,281.30993247402023,245811.0,1
2,-98408.0,-102151.0,2011,338,3,1,142.46754016266303,140.91669532550753,31.60750224625123,1,1,1,1,19.313207915827967,19.313207915827967,20,21,201.25050550713325,338.7494944928667,245811.0,1
2,-98415.0,-102169.0,2011,339,3,1,161.7714437099453,159.9152270058225,31.607502246251638,1,1,1,1,1.0,19.313207915827967,20,21,270.0,21.250505507133223,245811.0,1
2,-98416.0,-102169.0,2011,340,5,1,162.16349774224778,-1.0,-1.0,-1,0,1,1,18.384776310850235,1.0,20,21,202.38013505195957,90.0,245811.0,1
2,-98423.0,-102186.0,2011,341,3,1,177.11578134090706,176.3815430633659,65.32313682966365,1,1,1,1,19.313207915827967,18.384776310850235,20,21,248.74949449286672,22.380135051959556,245811.0,1
2,-98441.0,-102193.0,2011,342,3,1,194.5507645834372,195.66022745555802,65.32313682966264,1,1,1,1,18.384776310850235,19.313207915827967,20,21,292.38013505195954,68.74949449286677,245811.0,1
2,-98458.0,-102186.0,2011,343,5,1,196.95684806576287,-1.0,-1.0,-1,0,0,1,15.231546211727817,18.384776310850235,-1,21,293.1985905136482,112.38013505195956,245811.0,1
2,-98472.0,-102180.0,2011,344,5,1,200.0,-1.0,-1.0,-1,0,0,0,10.816653826391969,15.231546211727817,-1,-1,213.69006752597974,113.19859051364823,245811.0,1
2,-98478.0,-102189.0,2011,345,5,1,210.80085388821365,-1.0,-1.0,-1,0,1,0,24.041630560342615,10.816653826391969,21,-1,196.9275130641471,33.690067525979806,245811.0,1
2,-98485.0,-102212.0,2011,346,3,1,233.5658365429328,243.574511849413,65.32313682966254,1,1,1,1,25.612496949731394,24.041630560342615,21,22,141.34019174590992,16.927513064147032,245811.0,1
2,-98469.0,-102232.0,2011,347,3,1,237.47420912595962,237.47420912595962,63.75865034784221,1,1,1,1,48.76474136094644,25.612496949731394,21,22,241.8583987677383,321.3401917459099,245811.0,1
2,-98512.0,-102255.0,2011,348,4,1,284.29737951659,286.2167011199731,63.43494882292201,1,1,1,1,16.15549442140351,48.76474136094644,21,22,248.19859051364818,61.858398767738265,245811.0,1
2,-98527.0,-102261.0,2011,349,4,1,297.8355250805384,300.4663042672173,101.90830006131756,1,1,1,1,9.486832980505138,16.15549442140351,21,22,251.565051177078,68.19859051364818,245811.0,1
2,-98536.0,-102264.0,2011,350,4,1,305.60104711862493,308.6907837950463,101.01872390399892,1,1,1,1,8.94427190999916,9.486832980505138,21,22,206.56505117707795,71.56505117707799,245811.0,1
2,-98540.0,-102272.0,2011,351,4,1,311.20732639190874,311.20732639190874,99.43205502673486,1,1,1,1,9.486832980505138,8.94427190999916,21,22,198.43494882292202,26.56505117707799,245811.0,1
2,-98543.0,-102281.0,2011,352,4,1,312.8322234041755,312.8322234041755,97.71567356354848,1,1,1,1,20.8806130178211,9.486832980505138,21,22,106.69924423399361,18.434948822922006,245811.0,1
2,-98523.0,-102287.0,2011,353,4,1,292.2259399848001,292.2259399848001,97.07637817763683,1,1,1,1,14.866068747318506,20.8806130178211,21,22,109.65382405805333,286.6992442339936,245811.0,1
2,-98509.0,-102292.0,2011,354,4,1,277.73548566936853,277.73548566936853,96.40853657971296,1,1,1,1,6.4031242374328485,14.866068747318506,21,22,128.65980825409008,289.6538240580533,245811.0,1
2,-98504.0,-102296.0,2011,355,4,1,272.3416971379888,272.3416971379888,95.68965934978915,1,1,1,1,4.47213595499958,6.4031242374328485,21,22,153.43494882292208,308.6598082540901,245811.0,1
2,-98502.0,-102300.0,2011,356,4,1,269.9814808463721,269.9814808463721,94.88700983492151,1,1,1,1,9.219544457292887,4.47213595499958,21,22,167.47119229084848,333.434948822922,245811.0,1
2,-98500.0,-102309.0,2011,357,4,1,266.62708039507163,266.62708039507163,105.4435909821876,1,1,1,1,9.0,9.219544457292887,21,22,180.0,347.47119229084853,245811.0,1
2,-98500.0,-102318.0,2011,358,4,1,264.372842780797,264.372842780797,103.56316980050241,1,1,1,1,10.0,9.0,21,22,180.0,0.0,245811.0,1
2,-98500.0,-102328.0,2011,359,4,1,262.20793275566626,262.20793275566626,101.43849421677938,1,1,1,1,20.8806130178211,10.0,21,22,163.30075576600638,0.0,245811.0,1
2,-98494.0,-102348.0,2011,360,4,1,253.03161857759991,253.03161857759991,97.26544689983913,1,1,1,1,17.4928556845359,20.8806130178211,21,22,239.03624346792648,343.3007557660064,245811.0,1
2,-98509.0,-102357.0,2011,361,4,1,266.9925092582187,266.9925092582187,94.94185504917334,1,1,1,1,3.605551275463989,17.4928556845359,21,22,236.30993247402026,59.03624346792648,245811.0,1
2,-98512.0,-102359.0,2011,362,4,1,269.3120866207085,269.3120866207085,112.94717232452686,1,1,1,1,35.510561809129406,3.605551275463989,21,22,170.27242144859838,56.309932474020194,245811.0,1
2,-98506.0,-102394.0,2011,363,4,1,251.9206224190469,251.9206224190469,106.13284053048537,1,1,1,1,34.132096331752024,35.510561809129406,21,22,185.04245106917094,350.2724214485984,245811.0,1
2,-98509.0,-102428.0,2011,364,3,1,247.63077353188558,247.63077353188558,98.35915336501387,1,1,1,1,26.019223662515376,34.132096331752024,21,22,182.20259816176576,5.0424510691708955,245811.0,1
2,-98510.0,-102454.0,2011,365,3,1,246.20316813558676,246.20316813558676,92.32781508904118,1,1,1,1,4.123105625617661,26.019223662515376,21,22,194.03624346792654,2.2025981617658186,245811.0,1
2,-98511.0,-102458.0,2011,366,3,1,247.07286374670934,247.07286374670934,91.39152665254784,1,1,1,1,10.63014581273465,4.123105625617661,21,22,228.81407483429038,14.036243467926484,245811.0,1
2,-98519.0,-102465.0,2011,367,4,1,255.0019607767752,255.0019607767752,89.77531182037549,1,1,1,1,7.280109889280518,10.63014581273465,21,22,164.0546040990772,48.81407483429037,245811.0,1
2,-98517.0,-102472.0,2011,368,4,1,253.12645061312736,253.12645061312736,88.18887920780928,1,1,1,1,9.848857801796104,7.280109889280518,21,22,246.03751102542176,344.0546040990771,245811.0,1
2,-98526.0,-102476.0,2011,369,4,1,262.2746651889961,262.2746651889961,87.37759853945889,1,1,1,1,12.529964086141668,9.848857801796104,21,22,241.3895403340348,66.03751102542182,245811.0,1
2,-98537.0,-102482.0,2011,370,4,1,273.59276306218334,273.59276306218334,86.22771639062016,1,1,1,1,17.88854381999832,12.529964086141668,21,22,243.43494882292194,61.38954033403479,245811.0,1
2,-98553.0,-102490.0,2011,371,4,1,290.1671931835162,290.1671931835162,84.85920207146602,1,1,1,1,27.51363298439521,17.88854381999832,21,22,160.90650799951436,63.43494882292201,245811.0,1
2,-98544.0,-102516.0,2011,372,4,1,284.787640181241,284.787640181241,79.47921568612567,1,1,1,1,10.198039027185569,27.51363298439521,21,22,168.6900675259798,340.9065079995144,245811.0,1
2,-98542.0,-102526.0,2011,373,4,1,284.829773724588,284.829773724588,77.42755499577245,1,1,1,1,13.038404810405298,10.198039027185569,21,22,175.60129464500443,348.69006752597977,245811.0,1
2,-98541.0,-102539.0,2011,374,4,1,286.9738664059848,286.9738664059848,74.8499467895318,1,1,1,1,2.0,13.038404810405298,21,22,180.0,355.60129464500443,245811.0,1
2,-98541.0,-102541.0,2011,375,4,1,287.5030434621519,287.5030434621519,74.46522138476666,1,1,1,1,2.0,2.0,21,22,90.0,0.0,245811.0,1
2,-98539.0,-102541.0,2011,376,4,1,285.57660968643773,285.57660968643773,74.35775354279127,1,1,1,1,12.165525060596439,2.0,21,22,80.53767779197437,270.0,245811.0,1
2,-98527.0,-102539.0,2011,377,4,1,273.4849173172078,273.4849173172078,74.08338148465982,1,1,1,1,45.044422518220834,12.165525060596439,21,22,177.4551956201869,260.53767779197443,245811.0,1
2,-98525.0,-102584.0,2011,378,4,1,287.2646863086377,287.2646863086377,65.30844183652194,1,1,1,1,44.553338819890925,45.044422518220834,21,22,189.03948280335518,357.4551956201869,245811.0,1
2,-98532.0,-102628.0,2011,379,4,1,314.1973901864877,314.1973901864877,58.53585636913423,1,1,1,1,10.198039027185569,44.553338819890925,21,22,191.30993247402017,9.039482803355122,245811.0,1
2,-98534.0,-102638.0,2011,380,4,1,321.21021154378013,321.21021154378013,57.20046872738077,1,1,1,1,41.182520563948,10.198039027185569,21,22,150.94539590092288,11.309932474020195,245811.0,1
2,-98514.0,-102674.0,2011,381,4,1,324.6074552440224,324.6074552440224,53.51842270201472,1,1,1,1,5.0,41.182520563948,21,22,143.13010235415598,330.9453959009229,245811.0,1
2,-98511.0,-102678.0,2011,382,4,1,324.6120761770886,324.6120761770886,52.63588114721506,1,1,1,1,8.54400374531753,5.0,21,22,159.4439547804165,323.13010235415595,245811.0,1
2,-98508.0,-102686.0,2011,383,4,1,327.1849629796577,327.1849629796577,51.20344790169182,1,1,1,1,2.23606797749979,8.54400374531753,21,22,153.43494882292208,339.44395478041656,245811.0,1
2,-98507.0,-102688.0,2011,384,4,1,327.6659884699662,327.6659884699662,50.82132136890328,1,1,1,1,6.4031242374328485,2.23606797749979,21,22,231.34019174590992,333.434948822922,245811.0,1
2,-98512.0,-102692.0,2011,385,5,1,334.0688551780905,-1.0,-1.0,-1,0,1,1,43.08131845707603,6.4031242374328485,21,22,158.19859051364818,51.34019174590992,245811.0,1
2,-98496.0,-102732.0,2011,386,4,1,349.35655139126845,349.35655139126845,44.072214225538325,1,1,1,1,473.0,43.08131845707603,21,22,270.0,338.1985905136482,245811.0,1
2,-98969.0,-102732.0,2011,387,5,1,754.2207899547718,754.2207899547718,69.18610773063074,1,1,1,1,84.0,473.0,21,22,0.0,90.0,245811.0,1
2,-98969.0,-102648.0,2011,388,5,1,728.6158109731081,-1.0,-1.0,-1,0,0,1,46.04345773288535,84.0,-1,22,124.38034472384481,180.0,245811.0,1
2,-98931.0,-102674.0,2011,389,5,1,699.2774842650091,-1.0,-1.0,-1,0,0,0,17.029386365926403,46.04345773288535,-1,-1,40.23635830927382,304.38034472384487,245811.0,1
2,-98920.0,-102661.0,2011,390,5,1,684.9416033502418,-1.0,-1.0,-1,0,0,0,5.830951894845301,17.029386365926403,-1,-1,30.963756532073518,220.2363583092738,245811.0,1
2,-98917.0,-102656.0,2011,391,5,1,680.6416090719109,-1.0,-1.0,-1,0,0,0,7.0,5.830951894845301,-1,-1,0.0,210.96375653207352,245811.0,1
2,-98917.0,-102649.0,2011,392,5,1,678.7002283777426,-1.0,-1.0,-1,0,0,0,7.280109889280518,7.0,-1,-1,344.0546040990771,180.0,245811.0,1
2,-98919.0,-102642.0,2011,393,5,1,678.7554787992507,-1.0,-1.0,-1,0,0,0,10.295630140987,7.280109889280518,-1,-1,330.9453959009229,164.0546040990772,245811.0,1
2,-98924.0,-102633.0,2011,394,5,1,681.2936224565734,-1.0,-1.0,-1,0,0,0,60.876925020897694,10.295630140987,-1,-1,312.3369992339329,150.94539590092288,245811.0,1
2,-98969.0,-102592.0,2011,395,5,1,716.5256450400083,-1.0,-1.0,-1,0,1,0,233.0,60.876925020897694,22,-1,0.0,132.3369992339329,245811.0,1
2,-98969.0,-102359.0,2011,396,5,1,703.9957386234664,711.2503075570512,59.68557704560777,1,1,1,1,84.17244204607586,233.0,22,23,113.8242605828954,180.0,245811.0,1
2,-98892.0,-102393.0,2011,397,5,1,632.0007911387453,-1.0,-1.0,-1,0,0,1,69.42621983083913,84.17244204607586,-1,23,131.4964683552156,293.8242605828954,245811.0,1
2,-98840.0,-102439.0,2011,398,5,1,576.5422794557221,-1.0,-1.0,-1,0,0,0,4.242640687119285,69.42621983083913,-1,-1,134.99999999999994,311.49646835521554,245811.0,1
2,-98837.0,-102442.0,2011,399,5,1,573.4221830379428,-1.0,-1.0,-1,0,1,0,66.52818951391959,4.242640687119285,23,-1,132.5633517531899,315.0,245811.0,1
2,-98788.0,-102487.0,2011,400,5,1,524.504528102475,535.0336438019575,89.35745744786458,1,1,1,1,48.27007354458868,66.52818951391959,23,24,140.04245106917088,312.56335175318986,245811.0,1
2,-98757.0,-102524.0,2011,401,5,1,496.6376949044444,-1.0,-1.0,-1,0,0,1,10.816653826391969,48.27007354458868,-1,24,146.30993247402026,320.04245106917085,245811.0,1
2,-98751.0,-102533.0,2011,402,5,1,491.86380228677126,-1.0,-1.0,-1,0,0,0,24.166091947189145,10.816653826391969,-1,-1,155.55604521958347,326.3099324740203,245811.0,1
2,-98741.0,-102555.0,2011,403,5,1,485.6027182790475,-1.0,-1.0,-1,0,0,0,6.0,24.166091947189145,-1,-1,0.0,335.55604521958344,245811.0,1
2,-98741.0,-102549.0,2011,404,5,1,484.5141896786925,-1.0,-1.0,-1,0,0,0,7.0710678118654755,6.0,-1,-1,351.869897645844,180.0,245811.0,1
2,-98742.0,-102542.0,2011,405,5,1,484.3222068003903,-1.0,-1.0,-1,0,0,0,1.0,7.0710678118654755,-1,-1,90.0,171.86989764584405,245811.0,1
2,-98741.0,-102542.0,2011,406,5,1,483.335287352372,-1.0,-1.0,-1,0,0,0,123.00406497347964,1.0,-1,-1,0.46580908276496846,270.0,245811.0,1
2,-98740.0,-102419.0,2011,407,5,1,478.1223692738084,-1.0,-1.0,-1,0,0,0,50.32891812864648,123.00406497347964,-1,-1,40.97173633351484,180.46580908276496,245811.0,1
2,-98707.0,-102381.0,2011,408,5,1,450.7083314073526,-1.0,-1.0,-1,0,0,0,22.67156809750927,50.32891812864648,-1,-1,311.4236656250026,220.97173633351488,245811.0,1
2,-98724.0,-102366.0,2011,409,5,1,470.3232930655253,-1.0,-1.0,-1,0,0,0,158.07909412695912,22.67156809750927,-1,-1,358.1874473144844,131.42366562500268,245811.0,1
2,-98729.0,-102208.0,2011,410,5,1,421.2754443354134,-1.0,-1.0,-1,0,0,0,9.486832980505138,158.07909412695912,-1,-1,18.434948822922006,178.18744731448447,245811.0,1
2,-98726.0,-102199.0,2011,411,5,1,414.62874960619894,-1.0,-1.0,-1,0,0,0,8.54400374531753,9.486832980505138,-1,-1,20.556045219583464,198.43494882292202,245811.0,1
2,-98723.0,-102191.0,2011,412,5,1,408.5119337302155,-1.0,-1.0,-1,0,0,0,68.62215385719105,8.54400374531753,-1,-1,46.771469740034085,200.5560452195835,245811.0,1
2,-98673.0,-102144.0,2011,413,5,1,344.11771241829445,-1.0,-1.0,-1,0,0,0,15.524174696260024,68.62215385719105,-1,-1,14.931417178137542,226.77146974003412,245811.0,1
2,-98669.0,-102129.0,2011,414,5,1,335.21634805003174,-1.0,-1.0,-1,0,0,0,49.658836071740545,15.524174696260024,-1,-1,25.016893478100037,194.93141717813754,245811.0,1
2,-98648.0,-102084.0,2011,415,5,1,302.8398916919632,-1.0,-1.0,-1,0,0,0,10.295630140987,49.658836071740545,-1,-1,29.054604099077142,205.01689347810003,245811.0,1
2,-98643.0,-102075.0,2011,416,5,1,296.1519880061588,-1.0,-1.0,-1,0,0,0,19.209372712298546,10.295630140987,-1,-1,51.34019174590992,209.05460409907712,245811.0,1
2,-98628.0,-102063.0,2011,417,5,1,279.32955446926843,-1.0,-1.0,-1,0,0,0,114.75626344561765,19.209372712298546,-1,-1,10.03690245396347,231.34019174590992,245811.0,1
2,-98608.0,-101950.0,2011,418,5,1,253.00790501484337,-1.0,-1.0,-1,0,0,0,17.0,114.75626344561765,-1,-1,0.0,190.03690245396345,245811.0,1
2,-98608.0,-101933.0,2011,419,5,1,253.71243564319033,-1.0,-1.0,-1,0,0,0,16.15549442140351,17.0,-1,-1,291.8014094863518,180.0,245811.0,1
2,-98623.0,-101927.0,2011,420,5,1,269.1635190734435,-1.0,-1.0,-1,0,0,0,4.47213595499958,16.15549442140351,-1,-1,26.56505117707799,111.80140948635182,245811.0,1
2,-98621.0,-101923.0,2011,421,5,1,267.5761573832766,-1.0,-1.0,-1,0,0,0,16.278820596099706,4.47213595499958,-1,-1,42.51044707800085,206.56505117707795,245811.0,1
2,-98610.0,-101911.0,2011,422,5,1,258.2750471880704,-1.0,-1.0,-1,0,0,0,6.324555320336759,16.278820596099706,-1,-1,18.434948822922006,222.51044707800085,245811.0,1
2,-98608.0,-101905.0,2011,423,5,1,257.3285837212804,-1.0,-1.0,-1,0,0,0,9.0,6.324555320336759,-1,-1,0.0,198.43494882292202,245811.0,1
2,-98608.0,-101896.0,2011,424,5,1,259.12352266824405,-1.0,-1.0,-1,0,0,0,2.23606797749979,9.0,-1,-1,26.56505117707799,180.0,245811.0,1
2,-98607.0,-101894.0,2011,425,5,1,258.58847615468096,-1.0,-1.0,-1,0,0,0,13.45362404707371,2.23606797749979,-1,-1,48.01278750418333,206.56505117707795,245811.0,1
2,-98597.0,-101885.0,2011,426,5,1,251.10356429170812,-1.0,-1.0,-1,0,0,0,3.1622776601683795,13.45362404707371,-1,-1,18.434948822922006,228.01278750418334,245811.0,1
2,-98596.0,-101882.0,2011,427,5,1,250.96015620014265,-1.0,-1.0,-1,0,0,0,1.4142135623730951,3.1622776601683795,-1,-1,45.0,198.43494882292202,245811.0,1
2,-98595.0,-101881.0,2011,428,5,1,250.28184113115358,-1.0,-1.0,-1,0,0,0,4.123105625617661,1.4142135623730951,-1,-1,14.036243467926484,225.00000000000006,245811.0,1
2,-98594.0,-101877.0,2011,429,5,1,250.49151682242655,-1.0,-1.0,-1,0,0,0,14.866068747318506,4.123105625617661,-1,-1,42.27368900609372,194.03624346792654,245811.0,1
2,-98584.0,-101866.0,2011,430,5,1,244.6160256401857,-1.0,-1.0,-1,0,0,0,2.8284271247461903,14.866068747318506,-1,-1,134.99999999999994,222.27368900609372,245811.0,1
2,-98582.0,-101868.0,2011,431,5,1,242.0433845408711,-1.0,-1.0,-1,0,0,0,2.8284271247461903,2.8284271247461903,-1,-1,45.0,315.0,245811.0,1
2,-98580.0,-101866.0,2011,432,5,1,240.87548650703334,-1.0,-1.0,-1,0,0,0,20.0,2.8284271247461903,-1,-1,306.86989764584405,225.00000000000006,245811.0,1
2,-98596.0,-101854.0,2011,433,5,1,260.16341018675166,-1.0,-1.0,-1,0,0,0,50.93132631298737,20.0,-1,-1,313.4088597288054,126.86989764584402,245811.0,1
2,-98633.0,-101819.0,2011,434,5,1,308.1768972522113,-1.0,-1.0,-1,0,0,0,2.8284271247461903,50.93132631298737,-1,-1,315.0,133.40885972880542,245811.0,1
2,-98635.0,-101817.0,2011,435,5,1,310.84562084739105,-1.0,-1.0,-1,0,0,0,35.05709628591621,2.8284271247461903,-1,-1,273.27048792318357,134.99999999999994,245811.0,1
2,-98670.0,-101815.0,2011,436,5,1,343.50254729768744,-1.0,-1.0,-1,0,0,0,1.0,35.05709628591621,-1,-1,270.0,93.27048792318355,245811.0,1
2,-98671.0,-101815.0,2011,437,5,1,344.41980198589044,-1.0,-1.0,-1,0,0,0,36.013886210738214,1.0,-1,-1,271.5911402711946,90.0,245811.0,1
2,-98707.0,-101814.0,2011,438,5,1,378.08464660707926,-1.0,-1.0,-1,0,1,0,81.05553651663777,36.013886210738214,24,-1,272.12109639666147,91.59114027119459,245811.0,1
2,-98788.0,-101811.0,2011,439,4,1,455.3789630626342,472.451055666087,113.5807690334846,1,1,1,1,22.20360331117452,81.05553651663777,24,25,277.76516601842536,92.12109639666146,245811.0,1
2,-98810.0,-101808.0,2011,440,4,1,477.2431246230793,493.8511921621735,112.87867589894361,1,1,1,1,57.723478758647246,22.20360331117452,24,25,255.96375653207357,97.76516601842533,245811.0,1
2,-98866.0,-101822.0,2011,441,5,1,527.2769670675934,-1.0,-1.0,-1,0,0,1,48.373546489791295,57.723478758647246,-1,25,262.8749836510982,75.96375653207352,245811.0,1
2,-98914.0,-101828.0,2011,442,5,1,572.5879845054383,-1.0,-1.0,-1,0,0,0,26.0,48.373546489791295,-1,-1,270.0,82.87498365109818,245811.0,1
2,-98940.0,-101828.0,2011,443,5,1,597.9974916335352,-1.0,-1.0,-1,0,0,0,7.0710678118654755,26.0,-1,-1,278.13010235415595,90.0,245811.0,1
2,-98947.0,-101827.0,2011,444,5,1,605.0528902501004,-1.0,-1.0,-1,0,0,0,27.65863337187866,7.0710678118654755,-1,-1,192.52880770915152,98.130102354156,245811.0,1
2,-98953.0,-101854.0,2011,445,5,1,605.9768972493919,-1.0,-1.0,-1,0,0,0,87.47571091451616,27.65863337187866,-1,-1,190.53918372862825,12.52880770915151,245811.0,1
2,-98969.0,-101940.0,2011,446,5,1,614.1172526480591,-1.0,-1.0,-1,0,1,0,208.0,87.47571091451616,25,-1,0.0,10.539183728628242,245811.0,1
2,-98969.0,-101732.0,2011,447,5,1,652.2238879403299,669.940295847324,113.58040699086082,1,1,1,1,563.0,208.0,25,26,90.0,180.0,245811.0,1
2,-98406.0,-101732.0,2011,448,5,1,219.1255347968374,-1.0,-1.0,-1,0,0,1,20.12461179749811,563.0,-1,26,116.56505117707793,270.0,245811.0,1
2,-98388.0,-101741.0,2011,449,5,1,204.27677303110113,-1.0,-1.0,-1,0,0,0,-1.0,20.12461179749811,-1,-1,-1.0,296.565051177078,245811.0,1
2,-98729.0,-102582.0,2021,450,5,1,479.73847041903986,-1.0,-1.0,-1,0,0,0,3.1622776601683795,-1.0,-1,-1,161.56505117707798,-1.0,245811.0,1
2,-98728.0,-102585.0,2021,451,5,1,479.517465792436,-1.0,-1.0,-1,0,0,0,1.0,3.1622776601683795,-1,-1,0.0,341.56505117707803,245811.0,1
